,Unnamed: 0,Time,LON,LAT,Temperature above oceans,Air density above oceans,Max wave height,Swell period,Wind wave period,Wave period,Sea surface temperature,Combined wind waves and swell height,Swell height,Wind wave height,Surface pressure,Draught,Width,Length,SOG,COG,Heading,Wind Speed,Current Speed,True Wind Direction,True Current Direction,True Swell Direction,True Wind Wave Direction,True Wave Direction,stw,northcurrdir,nortwinddir
119,119,2021-06-01 00:00:00,12.96316898,55.24525881,275.8239746,1.283480644,3.358080387,6.738088608,4.925452232,5.291555405,278.6616211,1.759765148,0.743164122,1.583740234,101818.8125,5.281861195,24,158,18.9989056,102.8321303,100.7823128,10.24896621,0.14491385,100.9892882,164.8718078,15.55404897,66.84349294,57.26852651,18.72997221771122,85.65412064270289,21.771600994054808
120,120,2021-06-01 01:00:00,13.55318435,55.19053214,275.9240112,1.283425331,3.578119516,7.185143471,5.34244442,5.697813988,278.9360352,1.950242281,0.841925144,1.757568359,101644.9375,5.289403447,24,158,19.33427835,98.69117704,96.93481604,11.3646779,0.246219514,108.737155,153.650411,11.07167212,60.4558808,51.3139321,18.913458515472726,70.58522700455468,25.67197104442127
121,121,2021-06-01 02:00:00,14.07399117,55.14390237,276.2850342,1.279011726,4.184913635,7.260825157,5.460486412,6.12647438,279.2099609,2.189788342,0.933935583,1.910705566,101580.8125,5.288446472,24,158,18.91104651,99.59861631,97.52575848,12.66694636,0.284314763,114.9107294,153.0315894,16.28135845,57.08651135,46.89410565,18.429832867834314,70.55734784982364,32.436487836875784
122,122,2021-06-01 03:00:00,14.56445018,55.09664845,277.1894836,1.269904137,4.908680439,6.808745384,6.225745201,6.28467083,279.2165527,2.565229893,0.723303258,2.452636719,101339.9375,5.290781474,24,158,13.85493274,88.4755736,106.9415211,13.38699935,0.30042793,123.5689837,153.6432266,69.17515224,55.50728649,56.52793926,13.276732348607997,80.584747685134,50.51050483811832
126,126,2021-06-01 07:00:00,14.64401502,55.10238224,277.4087524,1.263998985,4.621825695,6.813304901,5.970984459,6.291378021,279.3198242,2.414834499,1.022894382,2.130981445,101123.8125,4.842367335,24,158,9.30519802,142.835632,227.6808373,12.05329298,0.262896919,26.47663319,41.76675845,158.6323741,159.050718,167.1928879,9.009772419640363,89.44759568155038,74.15747050421676
129,129,2021-06-01 10:00:00,13.82600438,55.42110526,276.0046387,1.268574715,3.119271278,6.767655373,4.237586021,5.891542435,,1.658427835,1.184057832,1.061767578,100869.5,4.851855035,24,158,0.822935534,87.13630632,244.9702893,8.569408108,0.281402178,4.559514048,22.90015488,175.864996,179.3329754,175.5160199,0.2760798521461382,87.87044415287384,60.410775224238705
131,131,2021-06-01 12:00:00,14.48721435,55.12140653,277.2685547,1.267037392,3.283718586,6.891044617,4.686805725,5.876344681,279.2165527,1.731216788,1.167187691,1.231018066,101080.0625,4.925343782,24,158,18.70288891,108.8129795,107.899157,9.328640612,0.133046995,156.8112171,154.9016,57.73243952,24.48407221,41.3853631,18.470818134535797,82.80075705212023,84.7103741580107
134,134,2021-06-01 15:00:00,14.52516968,55.11801834,277.2207031,1.265203476,2.827530861,6.624643326,4.26285553,5.585642815,279.2165527,1.490863204,1.038464427,1.032348633,100981.25,5.202803528,24,158,16.15525813,288.3316156,270.6596558,9.022607149,0.139192389,1.584057665,10.9615102,144.1353805,178.7617309,159.7753036,15.886580949642717,-78.37883396798782,89.07559816463628
136,136,2021-06-01 17:00:00,13.36621903,55.24656043,276.9577637,1.265953064,1.978779793,5.844940186,3.506385803,4.913140297,278.8200684,1.052649975,0.798816144,0.676940918,100961.5625,5.199673346,24,158,20.12619589,273.5765612,271.9689832,7.91706842,0.088905069,17.08759371,15.09550619,155.6100116,172.509891,161.4790988,19.958189277298775,-72.93551063684106,74.88138946672164
137,137,2021-06-01 18:00:00,12.85542759,55.28094133,275.3811035,,,,,,,,,,101061.0,5.199754281,24,158,19.24844461,286.8992329,285.3431647,7.019602589,0.130746877,54.50090353,15.17564201,,,,19.001539494312244,-59.48119333383545,50.842261124546035
832,832,2021-06-02 02:00:00,14.07332917,55.14032893,273.0134277,1.305297852,2.470054388,4.810495377,4.17850399,4.450873375,277.0075684,1.273298264,0.412774682,1.166137695,102426.625,5.382382019,24,158,19.71631206,94.86453901,93.28191489,9.993939649,0.219467884,154.4516873,164.5709758,21.42897147,31.13457603,29.56261176,19.30877959523516,77.85289072700625,67.73360216825161
833,833,2021-06-02 03:00:00,14.56813784,55.09972135,273.083252,1.304358482,2.827877998,5.132033348,4.630042076,4.680102348,276.994751,1.45474267,0.410986364,1.393493652,102383.9375,5.378920316,24,158,14.41372141,136.800597,107.5904366,9.882061164,0.165366464,135.4201648,153.4391162,85.68668331,50.67982258,52.77175678,14.235392409039344,81.02955282723978,63.01060141059832
845,845,2021-06-02 15:00:00,14.47322223,55.13232526,273.0124512,1.306606293,2.877502441,5.620926857,4.818762779,4.936966896,276.994751,1.495170832,0.537951827,1.391479492,102415.3125,5.289387239,24,158,17.936689,285.485152,283.8408545,9.853765507,0.214120944,37.61271613,1.295288683,100.9412729,138.480488,134.338894,17.521041372491226,-77.45443419040843,66.22813836307783
846,846,2021-06-02 16:00:00,13.95408912,55.21776265,272.9995117,1.306375504,2.721387386,5.290330887,4.366248131,4.851854324,277.0075684,1.409375906,0.537649274,1.235229492,102444.25,5.289779198,24,158,19.55105376,278.4651408,277.2026266,9.847066243,0.212282504,29.58590612,1.490120635,127.4114366,148.3618799,148.5364328,19.138422355541408,-81.30725272292408,67.61672051886028
847,847,2021-06-02 17:00:00,13.37763366,55.24259175,272.8596191,1.306207657,3.02984643,4.861633301,4.718176842,4.729553223,276.8564453,1.572084904,0.306045949,1.540527344,102407.3125,5.289170702,24,158,19.44640776,272.4846366,270.7517857,9.855821998,0.189010001,21.11278579,36.83030338,148.0413471,161.1939464,160.4984584,19.146977409097552,-52.417910909768665,69.63899992115556
848,848,2021-06-02 18:00:00,12.83160201,55.28249121,270.405365,,,,,,,,,,102464.3125,5.28907669,24,158,18.89146341,289.1350215,287.6566523,8.332255261,0.127705705,43.98666043,63.00750414,,,,18.774395336131708,-9.335843566243904,63.669991854957445
849,849,2021-06-02 19:00:00,12.41008746,55.42109649,270.270752,1.322245598,1.953753948,4.730197906,3.759436607,3.897312164,275.5998535,1.01755476,0.320130527,0.961242676,102415.375,5.290152186,24,158,15.86043949,297.1662395,295.301467,9.054206504,0.016703624,51.875071,145.6942948,178.8074045,134.8998498,140.1305017,15.664787911061195,-88.55976183591733,63.42639600095957
850,850,2021-06-02 20:00:00,12.19745094,55.45563485,268.9144592,1.324357986,,,,,275.2353516,,,,102259.125,5.286188056,24,158,0.406624417,320.8366536,116.5876457,7.727402552,0.016703624,124.9600506,35.5918839,,,,0.3281391011856773,-31.20099513575331,61.54769628334452
852,852,2021-06-02 22:00:00,12.21375447,55.45636292,268.5246582,1.324726105,,,,,275.107666,,,,102191.875,5.28926596,24,158,3.98164557,230.4937778,102.5063291,7.992030691,0.016703624,139.8642601,21.51056732,,,,3.939213562900221,-61.725947897370766,62.37058926165479
1463,1463,2021-06-03 00:00:00,12.95246246,55.24466808,274.4260254,1.301865578,0.591938615,3.149648666,1.752356529,3.016592026,275.8513184,0.32472837,0.307250977,0.097412109,102910.9375,5.282464725,24,158,19.0595239,101.8013571,100.1165543,3.43995345,0.051522064,2.140857306,17.94284136,136.7112809,179.6897506,139.13163,18.965224232413966,82.173712987398,-77.74258834733581
1475,1475,2021-06-03 15:00:00,14.49420503,55.11925983,277.2307129,1.279677391,2.828232288,4.820554733,4.361124039,4.382078171,276.0610352,1.438373566,0.276367128,1.410865188,102187.75,5.288391662,24,158,17.20985626,287.4094408,276.3059548,11.18953185,0.163659164,171.4060838,139.2591367,34.53248681,11.20124901,11.86406029,16.934085222119354,-42.95318189107617,87.71203867307113
1476,1476,2021-06-03 16:00:00,14.00490829,55.20808746,277.4616699,1.279351234,2.713538647,4.639172554,4.248233795,4.308423042,276.1895752,1.380464315,0.276148975,1.345203757,102228.875,5.288822265,24,158,19.8420666,280.0563965,278.8698937,11.1385523,0.159119887,173.7777142,153.9397819,45.41913381,10.96108022,13.17275015,19.56189328941051,-55.0698881579152,-87.35239206050389
1477,1477,2021-06-03 17:00:00,13.38432837,55.2427573,277.1983643,1.280623436,2.995242119,4.637994766,4.390540123,4.395807266,275.9815674,1.534392238,0.219900668,1.518310547,102219.625,5.288089111,24,158,19.93305972,274.685947,273.3391308,11.56029956,0.220776926,178.8788834,138.8356388,32.19653744,1.878101774,2.186420865,19.605363901814744,-45.49650792904076,-85.53975254884843
1478,1478,2021-06-03 18:00:00,12.84377843,55.28085337,277.0419922,,,,,,,,,,102206.5625,5.290123711,24,158,18.82758007,286.8650171,285.5390422,10.02755693,0.341002985,170.2209695,160.4977618,,,,18.198987992324785,-54.95871954541825,-84.2399882789707
1479,1479,2021-06-03 19:00:00,12.42708406,55.41534655,276.6678467,1.282971382,2.159272671,4.443734169,3.915320396,3.93640995,275.8225098,1.118836999,0.219424784,1.096984863,102149.9375,5.289986995,24,158,16.09384393,298.8097017,297.4136579,10.42798667,0.016703624,157.8890703,143.5821039,63.2638166,25.91387154,26.72090889,15.917182871068553,-73.9670161269102,-84.69727178472732
2183,2183,2021-06-04 15:00:00,14.45971429,55.13357662,276.0249023,1.253721237,3.253665686,5.370189667,5.007361412,5.034153938,277.2457275,1.677216887,0.419128418,1.622802973,99732.5625,5.290620238,24,158,18.45466688,286.067697,284.1467867,10.45723434,0.161193084,154.9913976,167.3019167,17.34478472,29.0481386,28.57073687,18.15165582014382,-88.55129678087506,79.13818428620277
2185,2185,2021-06-04 17:00:00,13.37575659,55.24323489,276.1166992,1.257847786,2.301218033,4.786758423,4.276016235,4.358802795,277.2744141,1.201839805,0.425537109,1.118896484,99744.9375,5.29089233,24,158,19.12236287,273.6040084,272.1538855,8.513737597,0.052070401,178.9742839,165.2637602,48.02366699,3.100540769,7.978317869,19.023871691438774,-73.1098746811455,-86.82039843672223
2186,2186,2021-06-04 18:00:00,12.82609121,55.28377581,277.2045898,,,,,,,,,,99745.4375,5.290876933,24,158,17.77692308,288.8373103,287.6015779,5.120768732,0.112356753,159.9549323,179.3256885,,,,17.558534638988714,-71.72411062224393,87.55651016641772
2187,2187,2021-06-04 19:00:00,12.43665397,55.41303186,277.1079102,1.25247097,0.979052603,4.02881813,2.63548851,3.492952347,277.8131104,0.52569443,0.3828125,0.344848633,99736.9375,5.289721344,24,158,15.97285658,299.5980692,298.0073932,5.524989434,0.016703624,148.6485998,142.9883686,44.06845891,23.91574895,34.91297185,15.895159377278752,-25.548183496440938,86.65599303323872
2849,2849,2021-06-05 00:00:00,13.00014965,55.23585681,279.229248,1.235330582,3.566998959,5.21472168,5.096595764,5.103928566,279.5140381,1.853231192,0.355834961,1.818115234,99516.625,5.289340653,24,158,19.05298023,101.7840698,99.49259259,11.06287702,0.062031356,17.11873652,18.50399907,144.3362191,160.0791542,159.7898171,18.94030717295055,80.98859351935944,82.37385607994378
2850,2850,2021-06-05 01:00:00,13.55007117,55.18571382,279.1350098,1.236427307,3.798449278,5.022886276,5.186683655,5.183504105,279.2454834,1.974390507,0.31551528,1.948486328,99501.0,5.290163005,24,158,19.51638804,98.07089844,95.75765315,11.88887724,0.072812417,12.84724445,46.09633776,143.1825629,162.9260932,162.7599555,19.42272687596429,49.661315398727936,82.91040869510526
2851,2851,2021-06-05 02:00:00,14.10374395,55.13984313,279.1379395,1.236545563,4.14460516,5.806415558,5.293373108,5.526957512,279.1724854,2.127634048,0.525634766,2.020874023,99533.5,5.28811051,24,158,19.37612593,98.68012168,96.18869377,12.27086422,0.101881605,14.10509021,86.42202634,127.007458,160.524441,156.4784357,19.373382458058177,9.766667429954987,82.08360356370441
2861,2861,2021-06-05 15:00:00,14.4958508,55.12360141,279.6474609,1.24251461,3.985767603,6.40226841,5.564734459,5.67800045,279.0679932,2.065587521,0.690887392,1.942260742,100042.125,4.926811961,24,158,17.00134581,288.8477972,276.9905149,11.02291314,0.175538396,158.1255192,94.58378985,52.49675577,23.16950052,26.09779947,16.96152385038684,11.574304775589482,75.11603415445914
2869,2869,2021-06-05 23:00:00,12.57213423,55.33735383,278.0068359,1.253248215,0.721019506,3.844288826,2.274598122,3.357106209,280.6312256,0.391349196,0.306732118,0.230316162,100188.75,4.933205165,24,158,17.86906256,124.2412493,122.2856716,4.887383035,0.016703624,38.3315319,41.2899098,117.6994511,141.9295384,124.145969,17.797099827707274,45.51377917678007,83.95413968968047
3345,3345,2021-05-31 02:00:00,14.08425281,55.13612431,283.9362793,1.251126289,0.40688169,3.617436409,3.827125549,3.61401844,284.1312256,0.224569842,0.224266052,0.001541138,102638.3125,5.199688735,24,158,19.05104936,103.0424028,101.4558184,2.411404244,0.071284833,49.13594698,117.7266104,33.79145074,66.62879968,33.78159356,18.990410352852695,39.182428794594024,52.31987142368922
3346,3346,2021-05-31 03:00:00,14.5663931,55.09130643,283.9243164,1.25139904,0.463660359,3.688321114,3.287757874,3.603177071,284.2689209,0.254017681,0.246963501,0.033325195,102560.125,5.199742959,24,158,14.23167329,131.7444444,103.5050701,2.61975479,0.05594214,34.93594537,128.3917378,42.28589281,85.35227235,41.85715135,14.212909080199594,51.89680781256206,68.56912467634515
3362,3362,2021-05-31 19:00:00,12.4307107,55.41233551,288.9929199,1.216179848,0.31268692,2.435217857,3.458008766,2.389502525,285.3098145,0.178857446,0.173173606,0.02041626,102010.9375,5.385305322,24,158,16.12141271,298.2198228,296.7826509,4.3930091,0.016703624,158.0879283,144.2131109,18.09170821,85.0741339,18.022769,16.030335028099074,-10.42680868832229,-41.30527735958489
3363,3363,2021-05-31 20:00:00,12.19848411,55.45575693,288.5371094,1.220621109,,,,,285.40625,,,,101894.875,5.375843607,24,158,0.986746169,290.6089112,122.9340962,3.456998301,0.016703624,9.114744494,41.93833442,,,,0.8630094398744738,-47.83403588001633,-47.95115930260542
3463,3463,2021-06-06 00:00:00,13.05164768,55.2292146,286.1535645,1.237787247,0.526017129,3.017852783,1.691077232,2.880157471,286.6608887,0.291573137,0.273806781,0.093261719,102178.625,4.945079993,24,158,18.55766579,100.3463824,98.1182069,3.381940422,0.073854179,157.1996468,84.7357125,2.406857409,17.72817699,2.732418932,18.550616128145172,13.382494395418098,75.31785365565227
3475,3475,2021-06-06 15:00:00,14.46634798,55.12923561,289.21875,1.224233627,0.215986788,2.322302818,3.862341881,2.321936607,287.486084,0.13124378,0.131144643,0.000213623,102099.75,5.01612898,24,158,17.97986499,285.2444507,283.0091854,1.444004056,0.076302326,155.2471822,14.20529655,162.6513134,112.2917904,162.6399532,17.834800018157036,-62.78551808876284,78.25636753584457
3476,3476,2021-06-06 16:00:00,13.97602778,55.21704827,289.2089844,1.225467682,0.237414896,2.332054138,3.864905357,2.332054138,287.2124023,0.143730238,0.143696055,2.55e-16,102142.875,5.017066548,24,158,18.84518782,278.687717,277.3135736,1.679778918,0.076302326,147.0790465,19.90090831,150.7511041,118.002989,150.7503793,18.704617181199975,-62.78551808876284,64.39262012553414
3477,3477,2021-06-06 17:00:00,13.39406682,55.24690471,288.5336914,1.227353096,0.244122565,2.462740898,3.864905357,2.462740898,286.7585449,0.143141389,0.143310159,2.55e-16,102037.25,5.014240795,24,158,19.20964586,274.2170704,272.6564551,1.275539416,0.092256314,120.8732053,26.15061928,161.307273,122.656434,161.3095161,19.046727686529124,-61.19292557645129,33.529660396904276
3478,3478,2021-06-06 18:00:00,12.86366188,55.28216389,291.3918457,,,,,,,,,,102034.6875,5.025120343,24,158,18.27279818,286.2015519,284.5988593,1.836402947,0.084160023,116.9705233,14.09895669,,,,18.115366566278343,-89.50009765085895,41.569382588696
3479,3479,2021-06-06 19:00:00,12.44025854,55.41508856,291.3908691,1.211625099,0.213440478,2.259512901,3.864906311,2.259512901,286.8146973,0.128180444,0.115379333,0.048629761,102039.625,5.017269128,24,158,16.4052866,297.4362563,295.7008724,2.039712978,0.062788394,174.7232275,17.75033912,142.6067714,99.60966685,142.607687,16.29027973981443,-82.04946672875992,-59.02235506094447
3480,3480,2021-06-06 20:00:00,12.19979248,55.45587498,291.005127,1.212991714,,,,,286.9846191,,,,101938.4375,5.021004982,24,158,1.46296258,281.9176894,129.1147984,2.433765333,0.052856903,32.6718938,151.877094,,,,1.4070414919192669,-22.762295615109,-18.213307774763027
3483,3483,2021-06-06 23:00:00,12.48167295,55.37369168,288.9443359,1.218458176,0.123627849,2.318846703,3.864905357,2.318846703,287.6772461,0.073241979,0.073242188,2.54e-16,102068.5,5.017831233,24,158,17.37844308,126.5967842,125.0583636,2.800828062,0.016703624,45.69212663,44.06260179,16.25694404,89.74826684,16.26011787,17.37661281366841,41.35098855672829,-9.249509791368713
3619,3619,2021-06-13 00:00:00,13.04253737,55.22046514,286.4851074,1.229899406,3.427975893,4.583965302,4.723257065,4.720684052,287.5725098,1.762051344,0.229980409,1.747070313,101620.625,5.282152124,24,158,18.74857458,100.8758244,97.76761175,11.70359458,0.184331269,26.07462586,8.39296958,145.4563262,157.2510102,157.6886323,18.39760468464918,89.37464201117616,-56.15776238970032
3629,3629,2021-06-13 13:00:00,14.68960674,55.09828835,288.6813965,1.22634697,2.328813076,4.918320656,4.350258827,4.420848846,287.5930176,1.207500219,0.390350401,1.141235352,101954.3125,5.017248989,24,158,0.38774151,321.251176,166.3731439,9.69659287,0.090651095,67.38398016,45.19285816,159.8822577,118.5652717,121.4508307,0.2303156114169105,-58.8197142925705,-81.01083629764373
3631,3631,2021-06-13 15:00:00,14.53085968,55.11938373,288.9465332,1.225366592,1.987828255,5.051254272,3.948889732,4.258591652,287.3470459,1.037171602,0.537658691,0.884368896,102062.8125,5.199728546,24,158,15.76620278,290.9043483,269.6377539,7.95304278,0.107856535,166.3071321,158.0386198,21.7818628,15.46097047,16.53235108,15.556566869469371,-68.4008659472689,-76.66937819032721
3632,3632,2021-06-13 16:00:00,14.0509118,55.19820672,289.1262207,1.225819588,1.52767241,4.648406029,3.437903404,3.90335083,287.1132813,0.803809285,0.482574463,0.639221191,102163.625,5.199708075,24,158,19.98419048,279.8333844,278.3028571,7.065272352,0.107856535,177.6252128,166.7037231,14.18933036,8.082427281,9.011657017,19.778990040111474,-68.4008659472689,-79.32235566253624
3633,3633,2021-06-13 17:00:00,13.4122342,55.23593473,289.217041,1.224054337,1.317993402,4.328121185,3.257727623,3.666744232,287.2497559,0.701103926,0.415771484,0.557617188,102146.9375,5.199728909,24,158,20.20882353,274.5026622,273.5817908,6.734184608,0.162109857,170.8393674,123.0387092,28.75759523,10.36077516,15.03014772,20.034505947324156,-29.45691844485128,-77.25757666766785
3634,3634,2021-06-13 18:00:00,12.88158981,55.26997824,289.4194336,1.224093437,1.125087261,4.140598297,3.027748108,3.492160797,287.5725098,0.602179646,0.383056581,0.461914063,102231.5,5.199721841,24,158,18.98235917,284.6679622,282.8378935,6.409541933,0.162109857,168.212071,132.294812,17.31683058,7.012722917,10.06145949,18.764335803077582,-29.45691844485128,-65.37417743454766
3635,3635,2021-06-13 19:00:00,12.42721607,55.41008445,289.5722656,1.221821785,0.827826023,3.606437683,2.540076256,3.084342957,288.3297119,0.451208591,0.314605653,0.319152832,102158.75,5.199721344,24,158,16.95159531,298.6418464,297.2650759,5.494590265,0.164609241,179.3090069,141.5683082,5.363128486,0.113799873,2.598449531,16.697355858825283,-24.30323238490878,-62.04393108409475
3636,3636,2021-06-13 20:00:00,12.19788465,55.45566529,288.3237305,1.22427845,,,,,288.4560547,,,,102054.0,5.199745132,24,158,0.639595059,287.5235673,119.4326426,4.228352941,0.235156889,7.415146597,45.94986465,,,,0.554029488967506,-14.617492792546717,-67.98250404055271
3640,3640,2021-06-14 00:00:00,13.01570625,55.22719708,287.7185059,1.229026794,0.755705655,3.570802689,2.422522545,3.068605423,287.5036621,0.413008034,0.309570313,0.272949219,102260.5625,5.124117838,24,158,19.29598347,102.7046002,100.8640812,4.949999282,0.016703624,2.641917526,19.86831942,167.1005924,177.190131,171.9948796,19.27515245997068,24.66947844729844,-76.49400126819297
3655,3655,2021-06-14 15:00:00,14.50482013,55.1275771,288.7556152,1.220611572,0.821300507,3.514486313,2.622718811,3.112691879,287.4645996,0.442496896,0.283630371,0.312438965,101749.4375,5.289002261,24,158,16.71790123,289.7804047,274.9649007,5.926217155,0.094952458,112.4049084,125.5379237,5.551692661,62.73339432,29.19950455,16.576202691701525,-30.57302299969615,27.369809067430314
3656,3656,2021-06-14 16:00:00,14.01563275,55.20677853,289.6291504,1.21570015,0.697433591,3.369526863,2.355995178,2.951130867,287.2993164,0.381343186,0.25088501,0.278930664,101703.5,5.290163005,24,158,19.42460938,278.5041949,275.7909701,6.161173612,0.080633373,110.7733275,122.5215993,15.06993128,65.24934412,33.73333765,19.33460818328542,-26.730629244234986,26.564297600167325
3657,3657,2021-06-14 17:00:00,13.4347429,55.23962581,290.2329102,1.209011078,0.609971762,3.178080559,2.301673889,2.773539543,287.2241211,0.338802099,0.209472656,0.264404297,101563.5,5.290108406,24,158,19.28619247,274.3723386,272.3118862,6.333930676,0.109623797,124.2666178,133.2843937,17.74995074,60.2489284,36.09205279,19.13519935352443,-40.97250751241943,36.57850400216875
3658,3658,2021-06-14 18:00:00,12.9003335,55.26858083,291.3342285,1.207337379,0.664060235,3.159401894,2.43228817,2.777810097,287.5036621,0.366758525,0.191162109,0.294677734,101551.1875,5.290009531,24,158,18.71535978,282.7839928,280.205651,7.011774173,0.186389069,134.8180225,112.1131895,43.13868022,48.23458171,43.78136516,18.56693217410448,-11.907538432934887,55.0236735852048
3659,3659,2021-06-14 19:00:00,12.43644257,55.40719614,291.4265137,1.203034401,0.824427068,3.173958778,2.650000572,2.853646278,288.3684082,0.450705707,0.2762146,0.355102539,101455.0625,5.289665983,24,158,17.27859788,298.9830419,297.4005265,6.889559869,0.016703624,152.7066064,143.5952353,91.26243442,38.66059726,58.08762973,17.089234436611715,-49.52680170487879,-89.89286717500681
3660,3660,2021-06-14 20:00:00,12.19857062,55.4557214,290.6171875,1.208389282,,,,,288.5036621,,,,101380.375,5.287394101,24,158,1.003470115,291.5280101,123.2700737,5.681632094,0.016703624,23.93058983,42.27431195,,,,0.7619359559739939,-78.54039903139983,-80.66051607949103
3662,3662,2021-06-14 22:00:00,12.20031996,55.45595548,289.0593262,1.214711189,,,,,288.5405273,,,,101434.3125,5.382323173,24,158,1.83962564,259.724108,104.9459459,5.298072252,0.016703624,12.8817482,23.95018416,,,,1.7335125515699394,-83.78055607784383,-62.1723058576797
3683,3683,2021-06-15 19:00:00,12.40865407,55.41700342,289.9538574,1.217206955,0.382790446,2.725997925,3.453163147,2.688278198,288.640625,0.216273069,0.21168834,0.019226074,101841.3125,5.376100155,24,158,16.24584083,296.0470967,294.9122919,2.75995924,0.016703624,179.0970642,146.0834699,5.557007442,90.13485588,4.035523067,16.173085437234313,-30.608802709888437,-64.18477235287335
3703,3703,2021-06-16 15:00:00,14.54116231,55.11228769,288.84375,1.222812653,0.342681885,2.477093697,1.833753586,2.336651802,288.3833008,0.197863638,0.166854858,0.09753418,101934.625,5.375269932,24,158,12.67506794,280.1479135,276.7657115,3.385270038,0.081052695,43.91124181,159.4441774,83.84134934,143.7932689,102.9150798,12.524628573931988,-62.678465830512884,-39.32304666311667
3704,3704,2021-06-16 16:00:00,14.13545357,55.18925465,288.793457,1.222504616,0.39069283,2.578912735,2.059181213,2.36199379,288.2475586,0.223064005,0.157989502,0.150054932,101943.25,5.381635899,24,158,17.76343156,283.6198751,281.3680828,4.1617308,0.07122645,24.45967555,162.8424972,105.8531902,155.9972484,133.6815593,17.629676337656104,-61.47441445266545,-54.17224166106814
3705,3705,2021-06-16 17:00:00,13.60292446,55.22787116,288.6870117,1.222711563,0.72827667,3.053318977,2.599525452,2.690281868,287.9450684,0.398961842,0.155029297,0.364746094,101840.0625,5.377633835,24,158,17.94241396,274.519652,272.4007781,5.207050174,0.058651518,29.51062043,168.1196918,127.1716522,155.5860046,151.7574676,17.830068179238605,-75.71891367935464,-58.08860142525304
3706,3706,2021-06-16 18:00:00,13.08324597,55.25024309,288.7399902,1.222252846,0.975795269,3.45835495,2.891760826,2.96616745,287.8574219,0.523433745,0.18371582,0.489257813,101802.875,5.378419045,24,158,18.05413913,275.4613101,273.3302752,6.502400114,0.079940754,22.5059627,140.8928882,145.2422473,159.6128527,157.8483874,17.930244648038684,-47.56261298511707,-64.16376207441034
3713,3713,2021-06-17 01:00:00,13.1770212,55.21071305,288.7336426,1.21935463,1.217246532,3.934845924,3.003517151,3.411897659,288.6992188,0.646379828,0.424423218,0.486022949,101754.25,5.464096455,24,158,17.32351779,98.00789362,96.76819886,5.934062606,0.031291423,149.9740048,50.59735844,10.14805327,28.76062499,20.50560485,17.28600062632142,46.170840419654425,-53.20580595217461
3718,3718,2021-06-17 06:00:00,14.68963568,55.09844223,289.4335938,1.216395378,0.9662323,3.805116653,2.644690514,3.26068306,288.6801758,0.520176351,0.367156982,0.360595703,101715.5625,5.016588046,24,158,0.06459999,343.9554808,173.5444452,5.463454846,0.032160615,153.7120749,169.6708355,64.18258299,29.43839659,46.24508299,0.022079453030164103,3.873610519019302,-32.74347988414727
3722,3722,2021-06-17 13:00:00,14.61756965,55.05634331,291.1108398,1.205307007,1.146771669,3.419205666,3.163246155,3.192765236,288.7192383,0.608134508,0.197921753,0.574859619,101693.6875,4.75463884,24,158,13.72089193,116.5294172,79.55164835,7.831364145,0.034558162,146.3539218,43.42471481,78.45509603,35.71823385,38.82503012,13.709852244248687,36.12693354642562,-66.80227342338087
3724,3724,2021-06-17 15:00:00,14.67165852,55.09673373,291.6713867,1.20437336,1.256350517,3.649356842,3.247047424,3.297122955,288.6801758,0.662008166,0.224392831,0.622055054,101579.1875,5.391651795,24,158,6.192676768,319.8515093,205.666961,8.511521135,0.039945525,82.09849727,165.0408685,57.4767144,97.94609001,94.40478447,6.143956447862499,10.707829513326677,-72.23454175323494
3725,3725,2021-06-17 16:00:00,14.30268254,55.16729047,291.9304199,1.204685211,1.293898344,3.880111694,3.214820862,3.409286499,288.7875977,0.681095779,0.291397095,0.599395752,101621.1875,5.474767787,24,158,20.45103155,290.907649,288.7308623,8.297061574,0.039945525,3.671187433,81.9769672,157.6136748,179.4589875,176.8721892,20.437424721659735,10.707829513326677,-67.5979502576557
3726,3726,2021-06-17 17:00:00,13.75573974,55.23556453,292.3288574,1.199613571,1.430813193,4.131076813,3.269203186,3.570529938,288.8000488,0.751665294,0.344924927,0.642883301,101504.125,5.464153732,24,158,20.09146806,275.0309471,273.0069402,8.045864347,0.062757202,26.35730329,71.90171595,168.851743,162.9372075,160.7344945,20.04982850570414,-15.091343887966259,-60.63575654635387
3727,3727,2021-06-17 18:00:00,13.10587477,55.25843921,292.520752,1.199288368,1.551391006,4.407783508,3.534584045,3.726631165,288.7250977,0.814675629,0.372680664,0.722900391,101434.8125,5.470360625,24,158,20.6622306,272.6741353,271.1173733,7.382694738,0.062757202,35.39737377,73.79128276,174.5612918,156.6792325,162.3726834,20.625336757354205,-15.091343887966259,-53.485252886116335
3728,3728,2021-06-17 19:00:00,12.58860113,55.35004471,293.2463379,1.192648888,1.090410709,4.130449295,3.03037262,3.438554764,289.4165039,0.584310353,0.35005182,0.466796875,101331.0,5.469190139,24,158,19.63292929,304.0044003,301.6912281,6.394323038,0.056806412,3.777836449,51.85817035,177.0846302,178.9542896,177.8960468,19.561463447746032,-6.450601182528498,-54.53093547674195
3729,3729,2021-06-17 20:00:00,12.2432532,55.45734838,294.0012207,1.194648743,,,,,289.6289063,,,,101173.75,5.42952256,24,158,8.039347447,282.5523985,199.136612,5.89319871,0.084564137,113.7449623,155.1564631,,,,7.989370609092813,-5.70692492531077,-47.118425699967645
3735,3735,2021-06-18 02:00:00,13.61066507,55.18528722,292.3352051,1.196310043,1.46511519,4.128582001,3.380042076,3.568035126,289.9660645,0.772013187,0.385375977,0.667724609,101411.0,5.467596526,24,158,20.41212571,98.79010387,98.09298246,7.668135615,0.016703624,110.4877235,17.09722067,13.73247226,60.01300509,50.62413485,20.374040519976933,18.87002078289955,-12.394741077727865
3736,3736,2021-06-18 03:00:00,14.20359501,55.13376874,291.8730469,1.200904846,1.334380388,4.063750267,3.023352623,3.60189724,290.0944824,0.701658785,0.444854736,0.510223389,101558.8125,5.465842434,24,158,20.36156788,100.4449041,99.40917782,7.326454918,0.194327047,109.1446542,86.43912533,41.88786503,63.3260059,54.64711185,20.3484252365806,12.970052486441787,-9.735476334576276
3748,3748,2021-06-18 15:00:00,14.45328764,55.12868789,293.0336914,1.192836761,0.595853925,3.394194603,1.867958069,3.237944603,290.0161133,0.323701262,0.305129945,0.101989746,101462.9375,5.377308076,24,158,18.50668083,285.7282573,284.1156392,5.140722859,0.110428169,20.53649589,43.54621479,132.1520467,166.5842977,135.8796773,18.347558979639636,-32.33814596877063,-55.34786486621605
3749,3749,2021-06-18 16:00:00,13.94697454,55.21855025,293.9287109,1.191109657,0.603065193,3.442483902,2.089698792,3.052469254,290.1379395,0.331282675,0.267883301,0.179016113,101448.625,5.378769638,24,158,18.86642599,280.0874505,278.5055835,5.757937778,0.060516133,20.7722112,30.8802708,132.4657733,158.0690524,142.9007403,18.76393007588108,-50.61414573126734,-60.72220533452729
3750,3750,2021-06-18 17:00:00,13.38658452,55.24559964,293.8393555,1.191255569,0.727348924,3.407380104,2.600012779,2.852936745,289.9660645,0.398941457,0.198974609,0.340332031,101323.1875,5.378523623,24,158,18.84622031,271.8391347,270.126629,6.794899894,0.074270825,25.84208909,60.80446143,130.5732232,155.3214608,148.8977929,18.772472843831814,-29.06890959390036,-64.0312819398047
3752,3752,2021-06-18 19:00:00,12.4247475,55.41557718,294.2849121,1.181071281,0.593097627,3.241322517,2.3254776,2.771351814,290.5463867,0.329374731,0.211517334,0.245056152,101239.625,5.379971698,24,158,16.43751886,297.4682955,295.8170307,5.188800972,0.185667959,9.522786179,79.38345545,160.0305469,173.168166,165.3712452,16.364634404656446,15.20048615979411,-54.660183111137634
3753,3753,2021-06-18 20:00:00,12.19859847,55.455768,294.2302246,1.184051514,,,,,290.869873,,,,101125.8125,5.373878341,24,158,1.102152424,291.8974801,124.7211647,4.319246739,0.016703624,178.4275265,43.72540292,,,,1.0875991960756424,12.448146367035163,-53.70636177350507
3757,3757,2021-06-19 00:00:00,12.99620802,55.22691191,293.666748,1.185930252,1.364323854,3.841443062,3.074867249,3.456677437,289.9770508,0.718401253,0.456054688,0.541015625,101240.5,5.367823535,24,158,18.2352291,101.9373124,101.1605811,7.578182399,0.274516188,124.3748227,77.25206651,3.245676513,54.22757196,32.47287225,18.13206424497496,23.908514604296847,-23.214241538050345
3758,3758,2021-06-19 01:00:00,13.5424754,55.18410958,293.6296387,1.187077522,1.502151847,4.042644501,3.28018856,3.607097626,290.0380859,0.788839936,0.51184082,0.599121094,101253.1875,5.376736607,24,158,18.41796537,96.68658009,96.77927123,7.341231568,0.187588455,105.7768947,87.07013709,22.52298249,71.29664124,51.12491883,18.402341385990482,9.709134140531274,-8.997623474177812
3769,3769,2021-06-19 15:00:00,14.46681961,55.13487468,293.019043,1.188705444,0.721435368,3.300376892,2.020056725,3.231577873,289.871582,0.38971585,0.377258301,0.08416748,101213.75,5.199730165,24,158,17.73465858,289.6662335,283.6814774,4.38878743,0.066384991,144.2141347,17.61999765,113.2735947,40.85994423,112.0333298,17.60829024178984,-58.69852491936185,67.89561216635425
3770,3770,2021-06-19 16:00:00,14.08409459,55.20938477,293.2548828,1.191051483,0.678978801,3.26066494,2.110389709,3.049910545,290.0056152,0.369810581,0.332122803,0.158905029,101262.1875,5.19974941,24,158,18.56832436,279.5313243,277.6803173,4.163975863,0.066384991,175.2920669,23.6211578,113.0377086,6.069263818,97.55392873,18.448550469506415,-58.69852491936185,-87.02761581518843
3771,3771,2021-06-19 17:00:00,13.3426103,55.24555776,293.480957,1.188717842,0.586340606,2.971074104,2.009437561,2.849797249,289.9956055,0.318855703,0.294387817,0.104156494,101206.25,5.199749037,24,158,18.44378882,273.9517374,272.3506783,4.98354957,0.086081705,175.683813,34.93283595,81.20416341,23.83187785,60.55279623,18.30421872697717,-52.71648573992608,88.03449126755739
3772,3772,2021-06-19 18:00:00,12.91381331,55.27156422,293.3647461,1.190256119,0.49962455,2.90615654,2.307533264,2.856595993,289.9770508,0.272458017,0.266842663,0.046142578,101254.375,5.199675981,24,158,18.02377789,281.4569619,280.0948122,4.928580704,0.059435039,172.8003825,5.991265431,76.71950699,33.96552109,74.81101395,17.908627346895727,-73.91392240410221,-87.10480535791328
3773,3773,2021-06-19 19:00:00,12.46565422,55.4003728,294.1643066,1.180081367,0.433043957,2.772496223,3.864906311,2.772496223,290.5732422,0.241080523,0.241134644,2.54e-16,101238.4375,5.199695748,24,158,16.75309716,302.4072564,300.622519,4.182584372,0.066131331,150.9245053,18.07575201,92.00372934,94.68872213,91.99841929,16.6297513891558,-41.30172897354523,-88.45297563190081
3774,3774,2021-06-19 20:00:00,12.20343957,55.45622814,293.2746582,1.183092117,,,,,290.9121094,,,,101142.375,4.88954504,24,158,2.372667951,282.0132825,142.0952291,2.599959957,0.102742302,35.93429197,159.860783,,,,2.2800794652863634,-17.765553884813137,-73.83906285008759
3780,3780,2021-06-20 02:00:00,14.10294422,55.13817171,291.6879883,1.196580887,0.412467778,2.739883423,2.293617249,2.675308228,289.902832,0.229046464,0.221343994,0.050567627,101124.75,5.024423846,24,158,18.26192237,98.71501536,96.92677378,4.387690325,0.243856182,108.4846106,81.67809315,67.25051951,58.02282404,60.60193324,18.21407547450031,15.248680628294467,25.41138439002563
3788,3788,2021-06-20 13:00:00,14.68821705,55.09766517,294.3308105,1.179357529,1.122741938,3.419032097,2.517982483,3.127039909,289.7592773,0.596651852,0.413070679,0.353729248,100648.4375,5.064915372,24,158,1.472303222,293.3592087,156.6950027,6.080451223,0.032775163,156.1674922,168.2932696,41.37732998,29.95932468,19.75219266,1.4184515522922843,-35.01172769650908,0.5275105430467028
3790,3790,2021-06-20 15:00:00,14.51550884,55.12519623,292.6889648,1.185247421,0.891667545,3.241895676,3.864905357,3.241895676,289.6293945,0.477418959,0.477273583,2.54e-16,100635.875,5.10987324,24,158,16.0390625,294.8748661,272.9083169,1.153792573,0.06223398,151.5140137,31.32431461,133.2856821,122.402352,133.2807992,15.919714080893167,-55.76736844768134,64.42233060294687
3791,3791,2021-06-20 16:00:00,14.02403177,55.21147789,293.4936523,1.185851097,0.810132086,3.34231472,2.431312561,3.083403587,289.902832,0.438448548,0.368560791,0.233886719,100741.5625,5.108901051,24,158,19.55691831,279.8568555,278.4846351,6.077874222,0.06223398,178.08383,25.7479965,153.6691748,12.61659306,129.3909308,19.44679550583485,-55.76736844768134,-79.59919490378039
3792,3792,2021-06-20 17:00:00,13.4326282,55.24027146,293.1352539,1.1845541,0.806452453,3.097370148,1.864173889,2.97725296,290.2094727,0.436441004,0.413330078,0.135742188,100703.0,5.109721344,24,158,19.46069764,273.9852298,272.9713453,4.385759362,0.049680082,161.7802234,9.197390223,90.27414073,6.592711075,70.60980357,19.365117705113914,-77.83126445611057,74.7515687085188
3795,3795,2021-06-20 20:00:00,12.19991686,55.45593602,292.3869629,1.189147949,,,,,290.8046875,,,,100674.3125,5.107291008,24,158,1.492151078,286.5537937,131.68125,4.193488482,0.016977902,55.77300344,7.63177099,,,,1.460709795521719,-55.95052098955037,75.90824655239895
3798,3798,2021-06-20 23:00:00,12.58887712,55.33072005,290.5449219,1.202072144,0.519570112,2.931453705,1.570716858,2.867732048,290.2487793,0.287071407,0.279830933,0.061859131,100845.8125,5.013883257,24,158,16.87890822,124.441366,122.9643618,3.927711661,0.016703624,4.758004779,41.96859996,113.9189085,171.052545,115.4739622,16.840327152735647,47.9784587227967,-61.79364302167556
3799,3799,2021-06-21 00:00:00,13.03170875,55.2310453,290.6950684,1.200165749,0.642404437,3.173636436,2.109046936,2.939017296,290.3193359,0.351977527,0.309082031,0.166748047,100792.0,5.034332704,24,158,17.21542708,101.3054396,98.99740947,4.550482561,0.016703624,46.92547013,18.00164768,146.8153804,131.4504124,172.5535854,17.17243529597077,79.28598832665664,-34.07712038738696
3800,3800,2021-06-21 01:00:00,13.55752951,55.18201526,290.6962891,1.201245308,0.662592947,3.151992798,2.100013733,2.927627563,290.5102539,0.361155033,0.309570313,0.172119141,100839.3125,5.021069812,24,158,18.60551073,98.30267617,96.70781284,2.514663454,0.016703624,58.46764621,15.71205105,167.9040036,114.6846195,167.7050357,18.603003793029572,11.52815822300698,-24.8245409497749
3801,3801,2021-06-21 02:00:00,14.09313018,55.13852258,290.5292969,1.201032639,0.64010179,3.333128929,2.544454575,3.19299221,290.5537109,0.346483886,0.320251465,0.106262207,100942.1875,5.022785617,24,158,18.64063745,98.81372412,97.03154747,2.554465382,0.108124497,29.46099611,77.00941671,169.6278764,98.55220787,163.7779769,18.600927046027714,20.022130762946837,-53.50745641815423
3811,3811,2021-06-21 15:00:00,14.49253798,55.13056269,292.534668,1.193115234,0.820321262,3.367830276,2.182581902,3.20523262,289.9353027,0.440965712,0.407897949,0.163818359,100496.6875,5.380445582,24,158,17.62964286,290.4946241,279.2713245,0.6579856,0.11324875,118.6609465,77.57378121,131.0623394,47.71442448,131.6782109,17.542497515011398,-3.1548940810410144,-19.389622010962
3812,3812,2021-06-21 16:00:00,14.0156031,55.21747692,292.9506836,1.19630146,0.717793524,3.320830345,2.423622131,3.159135818,290.5537109,0.387266219,0.35357058,0.156921387,100591.125,5.383892717,24,158,19.22221621,278.3287027,275.9574675,1.471802151,0.096089714,125.1905162,49.5252453,143.8441339,24.73781725,146.5908189,19.095691801360502,-34.517287187824145,-29.233048700333924
3813,3813,2021-06-21 17:00:00,13.37180714,55.24540841,292.0341797,1.196211815,0.634404898,3.2742939,2.053627014,3.076295853,290.420166,0.345528781,0.313977063,0.139587402,100593.625,5.383342533,24,158,19.01354229,273.196471,272.2819347,2.462519016,0.021376126,88.81365245,18.61088735,142.7155933,12.55830575,131.6940632,18.9739617337614,-69.10717716621515,3.4682822748846327
3814,3814,2021-06-21 18:00:00,12.92002773,55.26458864,290.9282227,1.196457863,0.681240499,3.36102581,2.417151451,2.95086956,290.3193359,0.371233404,0.272583008,0.247802734,100683.3125,5.379407987,24,158,15.74836753,279.4871882,279.6069868,4.186380346,0.021376126,137.8311434,11.28583525,143.2515413,41.0067827,90.32580297,15.707639323279995,-69.10717716621515,-38.22415654153352
3815,3815,2021-06-21 19:00:00,12.51415746,55.38367842,288.8476563,1.207587242,0.79330653,3.089577675,2.691688538,2.772866249,290.2487793,0.431268334,0.189252257,0.387145996,100719.75,5.379034545,24,158,17.78139519,305.6988104,304.9695308,5.613513395,0.019015311,150.280019,13.28000695,2.546312993,24.2118352,23.49024707,17.745534862438795,-68.31047618332998,-25.31048824438654
3820,3820,2021-06-22 00:00:00,12.6934163,55.29458861,288.0566406,,,,,,,,,,100899.0625,5.445601059,24,158,19.97741022,118.860802,116.6578247,5.257079028,0.016703624,30.09244023,35.66206287,,,,19.965489740008707,55.59487986296712,-33.2497351100798
3822,3822,2021-06-22 02:00:00,13.86364828,55.1609212,289.1733398,1.208445549,0.812524021,3.616177559,2.625160217,3.144558907,290.1369629,0.438628137,0.254455507,0.342773438,100913.0625,5.475130467,24,158,20.9724846,99.2351273,97.2849423,5.775345599,0.08859027,44.71379011,34.8186011,75.47879949,137.6278683,103.4343564,20.834796051613655,62.46634119583781,-38.001267590386256
3824,3824,2021-06-22 04:00:00,14.68962756,55.09833821,289.4638672,1.203619957,0.922149658,3.716524124,2.771644592,3.020845413,290.2177734,0.489099443,0.242736757,0.422119141,100778.875,5.475181429,24,158,0.251341282,289.5253965,173.5870305,7.033397303,0.050494811,39.46087471,3.557841956,116.4284649,135.6805477,142.6864376,0.23242206367056753,-2.855127927719296,-45.873844258158876
3836,3836,2021-06-22 16:00:00,13.98523953,55.2173895,290.5766602,1.213072777,1.325903416,3.927869797,3.2629776,3.414916039,290.1691895,0.693676054,0.244873047,0.643127441,101412.0625,5.377201511,24,158,19.29032841,279.324304,278.1578369,7.779575478,0.05485129,165.1279181,19.24415168,20.43856813,9.200408925,7.832489003,19.189000110390126,-62.598011412656625,83.28575502191703
3837,3837,2021-06-22 17:00:00,13.35187661,55.24904019,290.779541,1.213293076,1.242768049,3.690554619,3.194374084,3.247834206,290.1877441,0.65810132,0.203185976,0.624938965,101388.625,5.378806155,24,158,19.10071259,273.0343864,271.498757,6.49716768,0.056436397,169.0379502,116.9573027,31.89815464,2.038918116,0.200644872,19.04862365501925,-25.458545698278076,80.53670720456367
3838,3838,2021-06-22 18:00:00,12.87985327,55.27311151,290.8068848,1.213147163,1.099550009,3.531209946,3.066810608,3.124022484,290.1977539,0.585603356,0.1950683,0.551025391,101448.125,5.383249616,24,158,17.31931373,283.4243735,281.0316959,6.198388253,0.164058287,155.2620076,164.5704282,25.21957737,9.446185642,10.69578891,17.00878890801467,-63.5387322828127,76.29370346743545
3839,3839,2021-06-22 19:00:00,12.43760286,55.40809853,291.2524414,1.208197594,0.532046258,2.895728111,2.111121178,2.660132408,290.3598633,0.296130359,0.22254914,0.175933838,101396.875,5.374695611,24,158,17.66258923,298.1786388,295.992906,4.112229481,0.088081652,140.9881323,164.1496603,41.71367016,20.72313061,35.52076855,17.4962690142996,-48.15675431187792,76.98103832350331
3843,3843,2021-06-22 23:00:00,12.54546899,55.34800249,289.1337891,1.217560768,0.474298477,2.915136337,2.074255943,2.626379013,290.265625,0.265490294,0.204004109,0.162536621,101517.4375,5.470284906,24,158,17.25983734,124.3843247,123.1180292,4.424659737,0.016703624,28.25989283,42.12226739,134.0524725,154.1409125,140.4683966,17.12629514389288,74.06918954736102,-85.1418636503832
3846,3846,2021-06-23 02:00:00,14.12032532,55.13535506,289.4191895,1.216317177,0.880281568,3.83891201,2.526465416,3.378340721,290.3376465,0.472453296,0.365324974,0.293151855,101608.0625,5.465605251,24,158,19.26275605,97.82349451,95.84927053,5.051171145,0.077200826,16.20499654,97.03609133,170.3456758,168.9452483,176.4784272,19.250096147541374,12.885361858735463,-67.94573293036689
3850,3850,2021-06-23 06:00:00,14.68409105,55.09566939,289.597168,1.215654373,0.994692326,3.851354599,2.86063385,3.336706161,290.2341309,0.533668816,0.331881702,0.403839111,101581.1875,5.469142771,24,158,1.292412365,304.7573078,188.2104509,6.288358379,0.059162591,91.89761278,11.22338076,99.83148024,88.1513655,91.51293776,1.2253517172658976,-3.012930330695785,-83.68716187681463
3859,3859,2021-06-23 15:00:00,14.45842919,55.14017041,290.5371094,1.216015816,1.0156672,3.498263359,2.823097229,3.065768242,290.2084961,0.542203784,0.244522095,0.470504761,101936.6875,5.292372055,24,158,18.20920076,288.3338354,286.5181961,7.09922876,0.064373001,142.0139866,139.0547148,25.65100859,30.19968413,28.01889799,18.112308422002652,-32.53651869456475,68.53218268939655
3860,3860,2021-06-23 16:00:00,13.95660313,55.21761335,291.0922852,1.215393066,0.746684134,3.288419724,2.448951721,2.896512985,290.3376465,0.406948686,0.258239746,0.299728394,101959.6875,5.291079667,24,158,19.08224852,278.3538485,277.025595,6.265453251,0.071895521,157.0987179,135.9775864,26.32549129,17.66884456,20.37856136,18.979770736337223,-38.95199131494783,74.12431299578905
3861,3861,2021-06-23 17:00:00,13.34167151,55.24879105,291.0881348,1.213967323,0.543826282,2.969724655,2.174414635,2.652708054,290.1965332,0.303689599,0.222885132,0.200881958,101949.875,5.289384763,24,158,19.09093199,273.4684199,272.8889633,5.189808741,0.08014516,173.3964023,167.4623872,17.14982752,0.206254522,10.40196375,18.938554023157096,-74.57342390891002,86.28536557211456
3862,3862,2021-06-23 18:00:00,12.84609935,55.28367211,291.314209,,,,,,,,,,101930.375,5.290185311,24,158,18.763035,286.6665254,285.5937905,3.449064105,0.14469357,172.5695469,167.1319974,,,,18.49018804952999,-87.27421201232741,-66.97575643156429
3863,3863,2021-06-23 19:00:00,12.39715791,55.42254437,291.0212402,1.212107658,0.269236267,2.27923584,3.427406311,2.253723145,290.265625,0.161052823,0.158110201,0.014068604,101870.0,5.290523225,24,158,16.53628015,293.7911203,291.956335,3.015967735,0.016703624,164.4833594,149.0394268,23.88913533,88.88298038,23.50882527,16.495105869407784,-16.503886396298242,-52.52702436177106
3864,3864,2021-06-23 20:00:00,12.19706023,55.45555789,290.364502,1.214083672,,,,,290.2814941,,,,101808.5625,5.292139851,24,158,0.108323049,289.0232387,109.2106678,2.07023821,0.016703624,0.178501005,28.21490597,,,,0.024309246491750026,-60.39605585878525,-70.61083122673006
3866,3866,2021-06-23 22:00:00,12.21588085,55.45627311,288.4104004,1.216937065,,,,,290.4614258,,,,101831.125,5.338019078,24,158,4.66785105,217.5642002,104.782774,1.63843659,0.016703624,5.504524276,23.78701223,,,,4.566771605874881,-89.83023556130846,-69.71270167862654
3882,3882,2021-06-24 17:00:00,13.38679179,55.24813458,291.1210938,1.211809158,0.554996371,2.76006794,2.414710999,2.48687458,290.2021484,0.309305727,0.137451172,0.276123047,101599.5625,5.382618295,24,158,19.15408401,273.9871452,272.8883735,5.689406333,0.087105815,170.8514554,176.671805,3.575843014,0.906623043,1.460517086,18.984897029640177,-83.78343149522303,83.73982897417699
3883,3883,2021-06-24 18:00:00,12.84562416,55.28324347,291.5187988,,,,,,,,,,101601.5,5.378272869,24,158,18.5605307,289.7311964,288.0598437,3.537322134,0.091162289,178.0507264,162.8081518,,,,18.3898522505299,-54.748308151469345,-69.99088275083224
3884,3884,2021-06-24 19:00:00,12.40662045,55.42321075,291.010498,1.207638741,0.225257933,2.112070084,3.426856041,2.090402603,290.4543457,0.140544593,0.137054443,0.013977051,101568.125,5.375995231,24,158,16.88877454,291.2903955,289.3291367,3.102423804,0.074902795,170.194276,175.996834,3.628749037,92.56852641,3.114161634,16.743973491391266,-74.67402932872774,-60.86513935197085
3885,3885,2021-06-24 20:00:00,12.19715538,55.45554181,290.2468262,1.209216118,,,,,290.4614258,,,,101449.0,5.38133866,24,158,0.141258026,289.9596272,109.1433852,2.333888698,0.066214612,11.94985637,29.08494439,,,,0.0670386644656756,-41.77167036397988,-58.90675838020805
3887,3887,2021-06-24 22:00:00,12.19748537,55.45565379,289.4626465,1.213767052,,,,,289.9179688,,,,101446.875,5.445642538,24,158,0.363942579,266.3472723,106.2143219,0.876965226,0.016703624,40.28058869,25.21856012,,,,0.27134143681885614,-64.43441378983732,65.93373323768053
3888,3888,2021-06-24 23:00:00,12.41707036,55.40015703,289.9631348,1.213945389,0.132310152,2.038994789,3.864906311,2.038994789,290.0285645,0.084261551,0.084274292,2.54e-16,101531.9375,5.653557868,24,158,17.18520843,122.8467483,121.6385308,1.320162476,0.016703624,64.46263088,40.64276902,164.8515815,86.3290902,164.84383,17.1552602920644,41.74516347046125,57.175899950433084
3891,3891,2021-06-25 02:00:00,14.00976333,55.14429491,289.9594727,1.212819099,0.505658925,2.838284492,2.490882874,2.67154789,290.4592285,0.283140957,0.252850443,0.114593506,101568.625,5.637263709,24,158,20.60178253,98.09074538,96.58475333,4.717620555,0.016703624,7.690805175,15.58899154,176.5342162,148.8815063,176.7531493,20.470801459873844,84.16180208295287,88.89394815995594
3892,3892,2021-06-25 03:00:00,14.54009627,55.09924642,289.8752441,1.212855339,0.727924764,3.281122208,2.438282013,2.909125328,290.4223633,0.398702681,0.292327881,0.267501831,101468.375,5.657670947,24,158,16.01211499,125.9389761,102.55654,5.993561589,0.040118426,5.195676829,25.93774122,167.575705,167.3857331,167.6696381,15.961393306737131,76.61879874776962,-82.63913686465838
3904,3904,2021-06-25 18:00:00,12.85261504,55.27729101,291.5097656,,,,,,,,,,101629.9375,5.29027938,24,158,17.37705779,286.0358876,283.6882662,1.895935577,0.082589814,178.490883,161.2570689,,,,17.22310726649733,-57.56880272465666,-74.80261675729767
3905,3905,2021-06-25 19:00:00,12.44371942,55.40735802,290.8149414,1.21038723,0.218190968,2.243985176,3.864906311,2.243985176,290.0285645,0.130550385,0.130661011,2.55e-16,101618.4375,5.285934471,24,158,15.71614035,301.4009999,299.3473684,1.684172996,0.089576058,167.2927571,174.5834491,4.562883558,95.96574193,4.557878675,15.5435166908889,-66.06918242949487,-73.35987443290655
3906,3906,2021-06-25 20:00:00,12.2026302,55.45615862,288.7666016,1.213160515,,,,,289.9179688,,,,101561.0,5.28987031,24,158,2.588695652,282.7531543,141.5333333,1.567413956,0.091098302,25.67234148,4.059366015,,,,2.4617982583999543,-34.40730065124513,-64.1390081550857
3910,3910,2021-06-26 00:00:00,12.94735419,55.23687599,289.8062744,1.215212822,0.340393126,2.5386343,1.828529358,2.368712425,290.8195801,0.195886195,0.168212891,0.097167969,101803.125,5.199570131,24,158,19.07712191,103.804096,101.5647033,3.270395001,0.016703624,25.13399133,20.56894151,174.5170654,159.1421264,171.4898132,18.998800533920388,72.05631238246315,-53.30130536830191
3912,3912,2021-06-26 02:00:00,14.09287242,55.13998455,289.6381836,1.216315269,0.387991488,2.660663605,2.645545959,2.431049347,290.6002197,0.221572086,0.167694092,0.129196167,101816.8125,5.199693729,24,158,19.91153153,98.28113988,96.47211407,4.000541445,0.016703624,17.6303711,15.47635228,179.8489919,132.0485301,172.3635325,19.890163269883523,34.87052339510867,-65.89751483553265
3913,3913,2021-06-26 03:00:00,14.58105489,55.09565537,289.6403809,1.215624809,0.562134206,3.027893066,2.322853088,2.665222168,290.8027344,0.314299911,0.215621948,0.226165771,101731.25,5.199714199,24,158,13.26111111,134.6974234,105.044822,4.551572609,0.071871644,12.6071142,21.71713951,177.4640114,165.100425,172.2617715,13.17434696732091,83.3276824732934,-62.34806381521431
3924,3924,2021-06-26 17:00:00,13.38167582,55.24170733,291.3999023,1.211120605,0.495094359,2.795825958,2.32926178,2.461841583,290.3935547,0.278194189,0.134525239,0.240722656,101729.6875,5.199768625,24,158,18.73357401,273.4310953,272.4152887,5.001149311,0.070083781,161.457561,168.9855265,11.17059874,15.27939391,14.12372374,18.599429267376525,-76.57023781668269,73.87284970089694
3925,3925,2021-06-26 18:00:00,12.8676039,55.27680574,292.9606934,,,,,,,,,,101709.4375,5.199717154,24,158,17.29394115,287.7419392,286.1205198,2.976372284,0.102108222,176.9659092,143.0826129,,,,17.1323315822119,-36.96209303110095,-70.84538937858855
3926,3926,2021-06-26 19:00:00,12.46316142,55.41840827,292.3217773,1.202245712,0.236382306,2.120061874,3.442115784,2.09503746,291.0603027,0.14948976,0.145445168,0.015441895,101710.5,5.199762425,24,158,16.01354052,297.6276673,296.6446981,3.643464344,0.094402895,155.3487942,162.1720096,19.46626183,85.11325935,18.91593834,15.83800305710883,-45.52731150035041,-38.704096137860425
3927,3927,2021-06-26 20:00:00,12.20594261,55.45645847,291.1365967,1.206396103,,,,,290.8935547,,,,101645.5625,5.19972954,24,158,3.284117647,285.3753284,148.5677499,2.930749201,0.099583334,8.167874093,20.13647321,,,,3.1069343600309987,-51.56872331322997,-23.26437601417422
3943,3943,2021-06-27 15:00:00,14.45444989,55.13031744,291.1118164,1.209014893,0.486658096,2.835368156,1.798316956,2.652323723,291.0117188,0.272739351,0.24520874,0.115783691,101619.8125,5.109130544,24,158,18.7804917,283.2459697,280.7935668,4.667159049,0.087575908,160.4900756,175.9881498,1.899157597,16.62593372,3.862505986,18.611353791909654,-83.21828345269711,81.28364240899343
3944,3944,2021-06-27 16:00:00,13.98582263,55.2138208,291.2529297,1.209410667,0.43248564,2.732722282,2.600318909,2.548945427,290.8044434,0.244892716,0.204925597,0.115936279,101669.4375,5.107907313,24,158,19.33421053,281.7549966,279.6508292,5.178914001,0.087575908,145.2289147,177.1308873,3.516429821,12.99106971,12.72788612,19.164627038985124,-83.21828345269711,64.87974392381501
3945,3945,2021-06-27 17:00:00,13.36399923,55.24553033,291.6281738,1.208940506,0.44879967,2.721508026,2.612891197,2.50422287,290.8398438,0.254941046,0.184403837,0.1534729,101576.375,5.110650875,24,158,18.62350598,273.9903779,272.0851234,3.61519673,0.098817784,139.380275,179.4052134,7.179128333,47.69301827,17.63477548,18.431474734535243,-87.32009006525318,51.46539836799324
3946,3946,2021-06-27 18:00:00,12.86670838,55.27723362,292.9770508,,,,,,,,,,101530.8125,5.109755574,24,158,17.29717284,285.9749265,283.5764224,1.738465847,0.11703239,152.9711447,147.1155867,,,,17.101523967259254,-43.53916430352815,76.54756715918678
3947,3947,2021-06-27 19:00:00,12.45543109,55.40893059,292.1860352,1.200378418,0.257833838,2.206450462,3.573829651,2.177763939,290.9418945,0.158286035,0.152908444,0.016693115,101515.25,5.110763527,24,158,16.21795077,299.5387971,297.8151585,1.483089209,0.104373421,149.2607773,175.698896,57.40446817,92.78236807,58.11941873,16.016204450996735,-66.48594554026174,87.0759357580154
3948,3948,2021-06-27 20:00:00,12.20273966,55.4561968,290.1584473,1.203532219,,,,,290.8710938,,,,101439.1875,5.110866759,24,158,2.568253298,283.3943021,142.272009,1.943507314,0.100349232,41.74211376,16.29796833,,,,2.3893206446415753,-54.02595937110874,-79.47010480032752
3952,3952,2021-06-28 00:00:00,12.8876035,55.24709747,290.7104492,1.209269524,0.363174736,2.462591171,1.670570374,2.377874374,291.9907227,0.207865119,0.196411133,0.06640625,101601.1875,5.368338158,24,158,19.92715271,104.7703378,102.4025225,3.390818464,0.016703624,14.5117793,21.40676072,167.1318403,167.8875079,168.4444013,19.851995515659247,84.98908599684462,-63.08569818911083
3967,3967,2021-06-28 18:00:00,12.89157548,55.27442898,292.7192383,1.2006073,0.221439481,2.117771149,3.864905357,2.117771149,291.9907227,0.136425793,0.136485845,2.54e-16,101446.25,5.382975009,24,158,17.83116759,285.9938868,284.2538836,2.035168839,0.099509178,99.78389121,140.6118887,56.20746632,111.0572584,56.21164723,17.678412163985453,-36.35800515960837,24.03777476355169
3968,3968,2021-06-28 19:00:00,12.47722672,55.40986217,293.7331543,1.190141678,0.196941018,2.051894188,3.864906311,2.051833153,291.6447754,0.124103844,0.124025084,2.55e-16,101356.0625,5.377509808,24,158,16.41107334,298.6143962,297.0035891,1.334233321,0.108233966,116.2833079,174.8329209,80.23448514,98.30987598,80.23266934,16.20217753720147,-68.16349000155411,53.28689707622648
3969,3969,2021-06-28 20:00:00,12.2079426,55.45661796,292.8876953,1.193084717,,,,,291.5341797,,,,101248.375,5.379124913,24,158,3.810892637,284.5311902,154.276642,0.791150065,0.131918581,93.07138671,50.54443737,,,,3.554496029292247,-76.26779538624947,61.20525529077793
3988,3988,2021-06-29 15:00:00,14.51281787,55.11856003,292.9699707,1.190190315,0.280696034,2.286110878,2.503578186,2.232888222,291.857666,0.166611731,0.16003418,0.036895752,100965.75,5.380801272,24,158,16.52307692,285.5464017,270.4240631,2.764378002,0.05431345,13.59526275,130.9221875,145.9879517,148.6416412,147.9401154,16.435611639035866,-40.49812436751767,76.82880036691493
3989,3989,2021-06-29 16:00:00,14.02062229,55.20645348,293.5778809,1.190356255,0.292460799,2.345290184,2.282752037,2.296584129,292.1157227,0.171037674,0.164489746,0.037414551,100993.1875,5.379643048,24,158,19.66814672,281.2125213,279.6235521,2.794548396,0.082351087,37.2503033,168.3501618,156.961191,149.7827513,158.7731417,19.510554220589416,-68.72660966408426,62.37324882244841
3990,3990,2021-06-29 17:00:00,13.43061062,55.24092672,293.4501953,1.191244125,0.302184999,2.380135536,3.363929749,2.359139442,292.2114258,0.175679088,0.173360467,0.014404297,100891.375,5.377549945,24,158,19.41270417,273.8755054,272.7693408,3.102061848,0.105280587,37.34417079,159.8772712,156.4498141,130.879627,156.7953951,19.21934402906139,-67.10793044169803,55.42516998115139
3991,3991,2021-06-29 18:00:00,12.90164407,55.27118113,293.2973633,1.190999985,0.271152973,2.34417057,3.864905357,2.34417057,292.3696289,0.159805596,0.159816921,2.55e-16,100909.875,5.383332611,24,158,18.3066681,283.0864826,281.5361186,2.617074904,0.173627491,14.9038114,174.3770149,168.5311213,113.775485,168.5240946,17.970039205625415,-72.84089631194935,86.63230714737735
3992,3992,2021-06-29 19:00:00,12.45898833,55.40100296,292.8029785,1.183938026,0.202754438,2.202882767,3.864906311,2.202882767,291.5400391,0.124192119,0.12414974,2.55e-16,100870.125,5.381249188,24,158,16.63545518,301.6707986,299.8934804,1.553306671,0.016703624,40.88636161,141.1022814,157.7815572,95.41314499,157.7783223,16.554446370182486,-6.132899599713226,-19.220158010597366
4012,4012,2021-06-30 15:00:00,14.4624469,55.14027883,292.84375,1.189788818,2.257105827,4.36751461,4.060706139,4.07497406,291.4658203,1.159910202,0.246005595,1.133453369,100620.1875,5.375803876,24,158,18.40932004,282.7586481,284.5532731,9.229607142,0.05215059,45.8723347,7.294804629,103.6893626,125.5749846,125.0493766,18.30841902083165,-82.74153151281256,58.68093841694657
4014,4014,2021-06-30 17:00:00,13.26740319,55.24813603,293.505127,1.190488815,1.959710717,4.730740547,3.99344635,4.137051582,291.8929443,1.023195267,0.351974964,0.948272705,100706.875,5.380869192,24,158,18.8061169,274.218283,272.5746844,7.524796904,0.056458445,46.66009841,131.7670742,150.6022946,147.5965459,147.7684857,18.730868028925247,-39.19238977989028,45.914586028505184
4015,4015,2021-06-30 18:00:00,12.85905007,55.27666092,293.2199707,,,,,,,,,,100770.9375,5.374335391,24,158,17.92067736,285.5044335,283.6626445,5.620685047,0.146170928,64.84280255,165.839027,,,,17.64319670981137,-62.17638248707395,38.81984199895951
4019,4019,2021-06-30 22:00:00,12.20958723,55.45648425,290.9211426,1.198834419,,,,,291.109375,,,,100761.8125,5.380130424,24,158,3.148414986,224.3263491,102.0438322,5.370979141,0.016703624,120.5754077,21.04807046,,,,3.1090334026173285,-64.10507326552275,42.61923994533673
4020,4020,2021-06-30 23:00:00,12.46663709,55.37862735,291.2580566,1.198824883,0.784959495,3.741069794,2.596229553,3.069805145,291.2302246,0.423627079,0.271966577,0.319824219,100825.625,5.372491562,24,158,15.91095652,128.2229038,125.1926786,6.250314485,0.016703624,90.47431028,44.19691684,37.03145426,101.6273729,78.99658411,15.797635483219432,84.73875042321355,35.666988906441546
4117,4117,2021-06-07 00:00:00,12.95685071,55.24398469,291.0737305,1.20039463,0.416422725,2.794760704,1.642738342,2.690512657,292.3049316,0.231750071,0.220092773,0.069335938,100931.5,5.046424332,24,158,19.55035008,102.7401396,100.2626674,2.518337998,0.047369613,12.06458235,100.2878911,101.5233281,170.9130223,111.8628362,19.53805016173423,20.550558515693076,88.19808502516297
4132,4132,2021-06-07 15:00:00,14.55029777,55.11911107,294.2175293,1.181704521,1.166185379,3.614522934,3.045325279,3.19930172,292.6655273,0.617402673,0.304290771,0.531677246,100884.875,5.380060736,24,158,15.38907745,298.3803811,264.5899582,7.303436444,0.024881887,75.41641476,124.9085827,148.5717239,120.5508957,127.4112167,15.344026183564338,-40.318624581783176,-19.99362707530802
4136,4136,2021-06-07 19:00:00,12.44715692,55.40439717,293.1037598,1.187888145,0.714137435,3.574917793,1.890173912,3.412625313,292.3657227,0.386275947,0.367220879,0.11920166,100678.625,5.383071731,24,158,17.21063302,299.7911041,298.4556522,5.701252838,0.016703624,18.66972937,142.5401096,153.8211154,145.6474704,153.2859592,17.197002515840598,25.996779958142266,-42.87461845488341
4140,4140,2021-06-07 23:00:00,12.47987806,55.3747827,292.4472656,1.189750671,0.579481363,3.097394943,1.680335045,3.013776779,292.4477539,0.31718415,0.301605225,0.075805664,100863.0,5.289500298,24,158,18.20192537,125.4124976,123.8940397,3.908304342,0.016703624,64.34141538,42.89827786,35.2847781,115.7384982,41.19690273,18.10027204626021,63.53009701795835,59.5526242798799
4768,4768,2021-06-08 00:00:00,12.9678497,55.24076427,290.2902832,1.201620102,1.607144356,4.228050232,3.609779358,3.670921326,291.0605469,0.840964556,0.264160156,0.798327684,100889.875,5.288774164,24,158,19.52305147,103.64269,101.6467577,7.590967869,0.036085199,157.031182,40.99718937,8.292542858,13.3339525,11.7389818,19.471805563169216,60.64956830902164,78.67793970963946
4769,4769,2021-06-08 01:00:00,13.5316286,55.18565329,290.7624512,1.200019836,1.580898762,4.344076157,3.585853577,3.706625938,291.3515625,0.830416799,0.329833984,0.761706591,100857.9375,5.288943967,24,158,19.6487395,98.35377759,96.39495798,7.451470842,0.073431462,160.8622425,62.30522909,8.223914587,9.158935034,8.859824621,19.58718203222145,34.08972889307875,77.25720046171374
4770,4770,2021-06-08 02:00:00,14.10166156,55.13673214,290.9667969,1.198191643,1.33032465,4.263123512,3.037635803,3.722290993,291.515625,0.70091939,0.45022583,0.507843018,100875.25,5.290941472,24,158,19.64370504,99.42571942,97.38489209,6.963335346,0.024744918,159.116758,46.6488922,6.898975949,15.23393689,10.37939892,19.611986303069486,50.735999887512605,76.50165011818045
4771,4771,2021-06-08 03:00:00,14.57994896,55.09543563,291.3125,1.19657135,1.262913227,4.221886635,3.107826233,3.639977455,291.4680176,0.668453395,0.456344604,0.485931396,100777.875,5.287747297,24,158,13.39889625,134.873089,104.3863135,6.410734988,0.009836858,155.1971299,123.880043,26.04094603,23.53340819,25.15692809,13.397778099087983,48.266356513459094,79.58344337642244
4783,4783,2021-06-08 15:00:00,14.4979366,55.12691233,291.0437012,1.195367813,1.267795086,4.779539108,2.903053284,3.983700752,291.4679565,0.674407482,0.49371919,0.44317627,100718.375,5.476570088,24,158,16.71249769,280.3212547,276.5059524,6.644276793,0.027350686,1.568091769,132.1720503,149.6661362,171.3246445,160.1221146,16.674303590065122,-35.66609787001246,-85.06213938929741
4787,4787,2021-06-08 19:00:00,12.40853781,55.41616769,290.9194336,1.196022034,1.582279682,4.443348885,3.621375084,3.736744881,291.3880615,0.832010448,0.293548584,0.776947021,100545.5,5.469669049,24,158,16.44572227,296.340369,295.0897496,8.493922045,0.016703624,7.001990368,145.9060122,167.1341985,176.1344325,178.5790889,16.36604945011442,0.5836120503449062,-71.91224074262871
4788,4788,2021-06-08 20:00:00,12.19743658,55.45562611,290.3435059,1.197680473,,,,,291.3027344,,,,100406.1875,5.472803602,24,158,0.436589758,291.9096939,115.0632232,7.067277197,0.016703624,173.4425437,34.06746141,,,,0.32335609778053787,-33.38157635413049,-71.49423308154223
5438,5438,2021-06-09 16:00:00,13.94500383,55.21263755,289.3166504,1.223057747,0.450095952,2.933865547,2.359485626,2.885830879,288.8222656,0.24955219,0.245313942,0.03742981,102384.0625,5.288945596,24,158,19.1434622,278.4611167,276.3773585,3.869527614,0.103290139,55.75185073,152.8146145,140.4405146,170.090005,140.4905177,18.961840002527648,-56.43725602335007,-27.87079077354567
5439,5439,2021-06-09 17:00:00,13.34610825,55.24543819,289.4638672,1.222263336,0.440473616,2.98460865,1.926979065,2.800709724,289.2966309,0.245873094,0.225347728,0.089370728,102305.5,5.289842269,24,158,19.14912162,274.232096,272.4,3.911972454,0.016703624,58.18548002,168.5957618,148.2301544,144.9180511,147.3966278,19.06644530281153,-86.04724696223566,-29.414519980637927
6070,6070,2021-06-10 03:00:00,14.58431638,55.09766822,286.4099121,1.220273972,2.156573772,5.298205376,3.665565491,4.603137016,286.9117432,1.11790216,0.84567976,0.730041504,100877.75,5.380934597,24,158,12.78780308,82.66498964,108.8371586,7.486071438,0.194861783,78.77729496,113.6991853,73.47467005,96.86247217,85.37766992,12.777064769317779,-4.862026728509511,30.05986360864549
6079,6079,2021-06-10 15:00:00,14.53830478,55.12079812,286.829834,1.22809124,1.114007115,4.457181931,2.000440598,4.405179977,286.9117432,0.588964045,0.583282411,0.0650177,101748.125,5.381490071,24,158,15.61926978,292.8300203,265.8478702,3.425182122,0.202077656,133.9710735,88.77947184,88.83877594,47.32812531,88.01707489,15.43751799167603,-5.372657978648672,39.818943712006536
6080,6080,2021-06-10 16:00:00,14.05485826,55.19769154,286.8076172,1.230029106,0.946449876,4.31414032,3.827308655,4.312553406,286.9890137,0.497779906,0.497528017,0.001907349,101909.6875,5.381486577,24,158,19.71719745,279.0293048,276.9303817,2.589958552,0.223352444,115.6108954,79.15925092,100.7661209,118.3228303,100.7457046,19.62454194898509,-3.9103673593681454,32.541277077983494
6081,6081,2021-06-10 17:00:00,13.4047322,55.23442814,286.7138672,1.230116844,0.748437226,3.894610405,3.864906311,3.894610405,286.9241943,0.396888137,0.396850526,2.55e-16,101905.125,5.384317839,24,158,19.20938617,274.980207,273.5541072,2.147088666,0.184700517,97.60393449,81.05179931,84.06169084,121.7518429,84.06146196,19.147991341653906,-5.394093466709324,11.158041705954831
6082,6082,2021-06-10 18:00:00,12.90639239,55.2671174,286.888916,1.230782509,0.663470447,3.763401985,3.864906311,3.763401985,287.0422363,0.354775786,0.354736269,2.55e-16,101984.25,5.382061189,24,158,18.8363484,283.2644119,281.8038462,2.309564311,0.138866157,80.41069542,78.30853656,86.85290316,113.5120985,86.8592203,18.77676998143016,0.11238286892605469,2.2145415848207133
6083,6083,2021-06-10 19:00:00,12.45146136,55.40222587,286.2587891,1.234850883,0.534492731,3.337127686,3.749732971,3.335174561,287.2503662,0.291030705,0.290884137,0.001907349,101982.125,5.379292922,24,158,17.5043419,300.3113394,298.9343462,2.573063222,0.250165223,69.2003421,49.97632009,106.3826799,100.090396,106.3959398,17.18663176328888,-11.089333737044903,8.13468827643968
6086,6086,2021-06-10 22:00:00,12.21947055,55.45624846,283.0600586,1.239397049,,,,,286.8840332,,,,102022.25,5.334559977,24,158,5.237112383,218.3744714,105.0174707,2.374855932,0.016703624,125.1843424,24.02170896,,,,5.137482004699476,-87.32641457860846,-20.166871680974957
6748,6748,2021-06-11 15:00:00,14.51623827,55.11778784,283.7536621,1.24108696,4.209501743,5.846837044,5.346167564,5.379918098,283.9868164,2.153216839,0.48234123,2.096679688,101565.1875,5.290020722,24,158,16.57572816,286.1445837,272.869835,12.3161235,0.122634827,146.1205003,65.34510921,17.37683856,26.09252179,24.30048382,16.430274943676807,-21.785055766204337,58.99033535316955
6750,6750,2021-06-11 17:00:00,13.39708475,55.24161396,283.5812988,1.241690636,3.589901209,4.932347298,4.846595764,4.851780891,284.2160645,1.846553087,0.289470017,1.823242307,101449.125,5.289265111,24,158,19.63342037,275.1074385,273.4936856,13.14265102,0.141296428,144.7609351,85.95639243,37.89656341,35.3361386,35.10251128,19.608250315488455,-0.5499219334720753,58.25462067944277
6752,6752,2021-06-11 19:00:00,12.44526667,55.40465858,283.4580078,1.237635612,2.313958168,4.610710144,4.267127991,4.282707214,283.8164063,1.208691001,0.236185312,1.185058594,101130.8125,5.290245212,24,158,16.97785179,300.0637162,298.0578121,9.82235015,0.016703624,105.7930004,142.9379497,91.30579797,70.03947107,70.62923853,16.794887158856557,-71.04442523032282,43.8508124884829
7411,7411,2021-06-12 15:00:00,14.47534004,55.11916469,275.1103516,1.287137985,2.160927534,6.075408936,3.37003231,5.292205811,279.8659668,1.142004967,0.962902844,0.612670898,101644.9375,5.110494633,24,158,17.78218373,282.7142968,282.5491762,6.656639993,0.174318926,18.1964392,159.3899346,135.9400664,160.9423857,143.1260252,17.465087852904002,-56.840758378850815,84.35273699854213
7412,7412,2021-06-12 16:00:00,13.97893462,55.20927509,275.2668457,1.28606987,1.893883586,5.870601654,3.099768639,5.113277435,280.1645508,1.002418399,0.823883057,0.533691406,101674.9375,5.10836673,24,158,19.2852459,278.988205,279.0037401,6.553147659,0.123984673,3.575679998,178.1090211,144.7646315,175.2488005,154.8066084,19.04437958972979,-79.1052809569439,-84.57193988938997
7413,7413,2021-06-12 17:00:00,13.37244172,55.23826308,275.7973633,1.282002449,1.823749781,5.677334785,3.559607506,4.373258591,281.0180664,0.961765826,0.589813232,0.756713867,101540.3125,5.107674745,24,158,19.07262238,274.0507803,274.6006134,7.072684078,0.233865199,16.35931315,169.6344479,144.7154419,170.1549729,172.311557,18.626458548477757,-75.03383446329332,-69.0400734343626
7416,7416,2021-06-12 20:00:00,12.20499142,55.45636556,275.2093506,1.28332901,,,,,279.644043,,,,101216.3125,5.111133383,24,158,3.085458582,281.8386972,146.3552369,5.264231711,0.016703624,163.9602756,65.35947515,,,,3.0697777533515924,4.796667320586718,-49.68448743382047
